Dataset,Volumes,Mean_Coverage,Median_Coverage,Max_Coverage,Mean_Lesion_mm3,Mean_Depth,Empty
BHSD,318,0.2708220070944222,0.10890654391712612,4.366661608219147,27795.977221345613,19.452830188679247,39
