,Filename,Shape_Z,Shape_Z,Shape_Z,Shape_Z,Spacing_X,Spacing_Y,Spacing_Z,HU_Min,HU_Max,HU_Mean,HU_STD,Positive_Voxels,Positive_Voxels,Positive_Voxels,Empty_Mask
,count,mean,median,min,max,mean,mean,mean,mean,mean,mean,mean,mean,median,max,sum
Dataset,,,,,,,,,,,,,,,,
BHSD,192,33.354166666666664,32.0,24,60,0.48559628020833334,0.48559628020833334,4.917419409374999,-2579.07812906305,5147.020856478562,-735.4589525601631,789.0753898144129,28055.432291666668,13137.5,202228,0
CQ500,51,219.11764705882354,244.0,32,352,0.49498301960784313,0.4949830352941177,1.2568770968627452,-2827.921485900879,2903.3920728042726,-1014.7337957685965,1111.0906213452595,188915.01960784313,70268.0,2930417,0
PHYSIO,75,37.52,36.0,31,58,0.4223437494666667,0.4223437494666667,5.0,-1022.4399959309895,2702.0000086949267,-550.6266913659579,568.4126347479491,8265.48,0.0,130454,39
