,Positive_Slices,Positive_Slices,Positive_Slices,Lesion_mm3,Lesion_mm3,Lesion_mm3,HU_50
,mean,median,max,mean,median,max,mean
Dataset,,,,,,,
BHSD,12.333333333333334,12.0,38,33155.477890596725,15008.682402133942,260022.75746965408,-931.8846248280219
CQ500,68.62745098039215,58.0,201,37811.29200127224,15444.458384394646,493415.64441525936,-977.825078138899
PHYSIO,4.24,0.0,19,7248.534708404541,0.0,115017.62676239014,-944.0788485563298
