Crop Size,Mean Occupancy (%),Median Occupancy (%),Positive Crops (%),GPU Mem (GB)
"(64, 256, 256)",0.2863396406173706,0.07257461547851562,77.0,0
"(64, 192, 192)",0.40974532233344185,0.09057786729600695,72.0,0
"(64, 160, 160)",0.44909088134765623,0.1004638671875,71.0,0
"(64, 128, 128)",0.5227174758911133,0.04220008850097656,62.0,0
